code,name,department_code,description
05001,Medellín,05,Medellín
05002,Abejorral,05,Abejorral
05004,Abriaquí,05,Abriaquí
05021,Alejandría,05,Alejandría
05030,Amagá,05,Amagá
05031,Amalfi,05,Amalfi
05034,Andes,05,Andes
05036,Angelópolis,05,Angelópolis
05038,Angostura,05,Angostura
05040,Anorí,05,Anorí
05042,Santa Fé De Antioquia,05,Santa Fé De Antioquia
05044,Anzá,05,Anzá
05045,Apartadó,05,Apartadó
05051,Arboletes,05,Arboletes
05055,Argelia,05,Argelia
05059,Armenia,05,Armenia
05079,Barbosa,05,Barbosa
05086,Belmira,05,Belmira
05088,Bello,05,Bello
05091,Betania,05,Betania
05093,Betulia,05,Betulia
05101,Ciudad Bolívar,05,Ciudad Bolívar
05107,Briceño,05,Briceño
05113,Buriticá,05,Buriticá
05120,Cáceres,05,Cáceres
05125,Caicedo,05,Caicedo
05129,Caldas,05,Caldas
05134,Campamento,05,Campamento
05138,Cañasgordas,05,Cañasgordas
05142,Caracolí,05,Caracolí
05145,Caramanta,05,Caramanta
05147,Carepa,05,Carepa
05148,El Carmen De Viboral,05,El Carmen De Viboral
05150,Carolina,05,Carolina
05154,Caucasia,05,Caucasia
05172,Chigorodó,05,Chigorodó
05190,Cisneros,05,Cisneros
05197,Cocorná,05,Cocorná
05206,Concepción,05,Concepción
05209,Concordia,05,Concordia
05212,Copacabana,05,Copacabana
05234,Dabeiba,05,Dabeiba
05237,Donmatías,05,Donmatías
05240,Ebéjico,05,Ebéjico
05250,El Bagre,05,El Bagre
05264,Entrerríos,05,Entrerríos
05266,Envigado,05,Envigado
05282,Fredonia,05,Fredonia
05284,Frontino,05,Frontino
05306,Giraldo,05,Giraldo
05308,Girardota,05,Girardota
05310,Gómez Plata,05,Gómez Plata
05313,Granada,05,Granada
05315,Guadalupe,05,Guadalupe
05318,Guarne,05,Guarne
05321,Guatapé,05,Guatapé
05347,Heliconia,05,Heliconia
05353,Hispania,05,Hispania
05360,Itagüí,05,Itagüí
05361,Ituango,05,Ituango
05364,Jardín,05,Jardín
05368,Jericó,05,Jericó
05376,La Ceja,05,La Ceja
05380,La Estrella,05,La Estrella
05390,La Pintada,05,La Pintada
05400,La Unión,05,La Unión
05411,Liborina,05,Liborina
05425,Maceo,05,Maceo
05440,Marinilla,05,Marinilla
05467,Montebello,05,Montebello
05475,Murindó,05,Murindó
05480,Mutatá,05,Mutatá
05483,Nariño,05,Nariño
05490,Necoclí,05,Necoclí
05495,Nechí,05,Nechí
05501,Olaya,05,Olaya
05541,Peñol,05,Peñol
05543,Peque,05,Peque
05576,Pueblorrico,05,Pueblorrico
05579,Puerto Berrío,05,Puerto Berrío
05585,Puerto Nare,05,Puerto Nare
05591,Puerto Triunfo,05,Puerto Triunfo
05604,Remedios,05,Remedios
05607,Retiro,05,Retiro
05615,Rionegro,05,Rionegro
05628,Sabanalarga,05,Sabanalarga
05631,Sabaneta,05,Sabaneta
05642,Salgar,05,Salgar
05647,San Andrés De Cuerquía,05,San Andrés De Cuerquía
05649,San Carlos,05,San Carlos
05652,San Francisco,05,San Francisco
05656,San Jerónimo,05,San Jerónimo
05658,San José De La Montaña,05,San José De La Montaña
05659,San Juan De Urabá,05,San Juan De Urabá
05660,San Luis,05,San Luis
05664,San Pedro De Los Milagros,05,San Pedro De Los Milagros
05665,San Pedro De Urabá,05,San Pedro De Urabá
05667,San Rafael,05,San Rafael
05670,San Roque,05,San Roque
05674,San Vicente Ferrer,05,San Vicente Ferrer
05679,Santa Bárbara,05,Santa Bárbara
05686,Santa Rosa De Osos,05,Santa Rosa De Osos
05690,Santo Domingo,05,Santo Domingo
05697,El Santuario,05,El Santuario
05736,Segovia,05,Segovia
05756,Sonsón,05,Sonsón
05761,Sopetrán,05,Sopetrán
05789,Támesis,05,Támesis
05790,Tarazá,05,Tarazá
05792,Tarso,05,Tarso
05809,Titiribí,05,Titiribí
05819,Toledo,05,Toledo
05837,Turbo,05,Turbo
05842,Uramita,05,Uramita
05847,Urrao,05,Urrao
05854,Valdivia,05,Valdivia
05856,Valparaíso,05,Valparaíso
05858,Vegachí,05,Vegachí
05861,Venecia,05,Venecia
05873,Vigía Del Fuerte,05,Vigía Del Fuerte
05885,Yalí,05,Yalí
05887,Yarumal,05,Yarumal
05890,Yolombó,05,Yolombó
05893,Yondó,05,Yondó
05895,Zaragoza,05,Zaragoza
08001,Barranquilla,08,Barranquilla
08078,Baranoa,08,Baranoa
08137,Campo De La Cruz,08,Campo De La Cruz
08141,Candelaria,08,Candelaria
08296,Galapa,08,Galapa
08372,Juan De Acosta,08,Juan De Acosta
08421,Luruaco,08,Luruaco
08433,Malambo,08,Malambo
08436,Manatí,08,Manatí
08520,Palmar De Varela,08,Palmar De Varela
08549,Piojó,08,Piojó
08558,Polonuevo,08,Polonuevo
08560,Ponedera,08,Ponedera
08573,Puerto Colombia,08,Puerto Colombia
08606,Repelón,08,Repelón
08634,Sabanagrande,08,Sabanagrande
08638,Sabanalarga,08,Sabanalarga
08675,Santa Lucía,08,Santa Lucía
08685,Santo Tomás,08,Santo Tomás
08758,Soledad,08,Soledad
08770,Suan,08,Suan
08832,Tubará,08,Tubará
08849,Usiacurí,08,Usiacurí
11001,Bogotá D.C.,11,Bogotá Distrito Capital
13001,Cartagena,13,Cartagena de Indias
13006,Achí,13,Achí
13030,Altos Del Rosario,13,Altos Del Rosario
13042,Arenal,13,Arenal
13052,Arjona,13,Arjona
13062,Arroyohondo,13,Arroyohondo
13074,Barranco De Loba,13,Barranco De Loba
13140,Calamar,13,Calamar
13160,Cantagallo,13,Cantagallo
13188,Cicuco,13,Cicuco
13212,Córdoba,13,Córdoba
13222,Clemencia,13,Clemencia
13244,El Carmen De Bolívar,13,El Carmen De Bolívar
13248,El Guamo,13,El Guamo
13268,El Peñón,13,El Peñón
13300,Hatillo De Loba,13,Hatillo De Loba
13430,Magangué,13,Magangué
13433,Mahates,13,Mahates
13440,Margarita,13,Margarita
13442,María La Baja,13,María La Baja
13458,Montecristo,13,Montecristo
13468,Mompós,13,Mompós
13473,Morales,13,Morales
13490,Norosí,13,Norosí
13549,Pinillos,13,Pinillos
13580,Regidor,13,Regidor
13600,Río Viejo,13,Río Viejo
13620,San Cristóbal,13,San Cristóbal
13647,San Estanislao,13,San Estanislao
13650,San Fernando,13,San Fernando
13654,San Jacinto,13,San Jacinto
13655,San Jacinto Del Cauca,13,San Jacinto Del Cauca
13657,San Juan Nepomuceno,13,San Juan Nepomuceno
13667,San Martín De Loba,13,San Martín De Loba
13670,San Pablo,13,San Pablo
13673,Santa Catalina,13,Santa Catalina
13683,Santa Rosa,13,Santa Rosa
13688,Santa Rosa Del Sur,13,Santa Rosa Del Sur
13744,Simití,13,Simití
13760,Soplaviento,13,Soplaviento
13780,Talaigua Nuevo,13,Talaigua Nuevo
13810,Tiquisio,13,Tiquisio
13836,Turbaco,13,Turbaco
13838,Turbaná,13,Turbaná
13873,Villanueva,13,Villanueva
13894,Zambrano,13,Zambrano
15001,Tunja,15,Tunja
15022,Almeida,15,Almeida
15047,Aquitania,15,Aquitania
15051,Arcabuco,15,Arcabuco
15087,Belén,15,Belén
15090,Berbeo,15,Berbeo
15092,Betéitiva,15,Betéitiva
15097,Boavita,15,Boavita
15104,Boyacá,15,Boyacá
15106,Briceño,15,Briceño
15109,Buenavista,15,Buenavista
15114,Busbanzá,15,Busbanzá
15131,Caldas,15,Caldas
15135,Campohermoso,15,Campohermoso
15162,Cerinza,15,Cerinza
15172,Chinavita,15,Chinavita
15176,Chiquinquirá,15,Chiquinquirá
15180,Chiscas,15,Chiscas
15183,Chita,15,Chita
15185,Chitaraque,15,Chitaraque
15187,Chivatá,15,Chivatá
15189,Ciénega,15,Ciénega
15204,Cómbita,15,Cómbita
15212,Coper,15,Coper
15215,Corrales,15,Corrales
15218,Covarachía,15,Covarachía
15223,Cubará,15,Cubará
15224,Cucaita,15,Cucaita
15226,Cuítiva,15,Cuítiva
15232,Chíquiza,15,Chíquiza
15236,Chivor,15,Chivor
15238,Duitama,15,Duitama
15244,El Cocuy,15,El Cocuy
15248,El Espino,15,El Espino
15272,Firavitoba,15,Firavitoba
15276,Floresta,15,Floresta
15293,Gachantivá,15,Gachantivá
15296,Gámeza,15,Gámeza
15299,Garagoa,15,Garagoa
15317,Guacamayas,15,Guacamayas
15322,Guateque,15,Guateque
15325,Guayatá,15,Guayatá
15332,Güicán De La Sierra,15,Güicán De La Sierra
15362,Iza,15,Iza
15367,Jenesano,15,Jenesano
15368,Jericó,15,Jericó
15377,Labranzagrande,15,Labranzagrande
15380,La Capilla,15,La Capilla
15401,La Victoria,15,La Victoria
15403,La Uvita,15,La Uvita
15407,Villa De Leyva,15,Villa De Leyva
15425,Macanal,15,Macanal
15442,Maripí,15,Maripí
15455,Miraflores,15,Miraflores
15464,Mongua,15,Mongua
15466,Monguí,15,Monguí
15469,Moniquirá,15,Moniquirá
15476,Motavita,15,Motavita
15480,Muzo,15,Muzo
15491,Nobsa,15,Nobsa
15494,Nuevo Colón,15,Nuevo Colón
15500,Oicatá,15,Oicatá
15507,Otanche,15,Otanche
15511,Pachavita,15,Pachavita
15514,Páez,15,Páez
15516,Paipa,15,Paipa
15518,Pajarito,15,Pajarito
15522,Panqueba,15,Panqueba
15531,Pauna,15,Pauna
15533,Paya,15,Paya
15537,Paz De Río,15,Paz De Río
15542,Pesca,15,Pesca
15550,Pisba,15,Pisba
15572,Puerto Boyacá,15,Puerto Boyacá
15580,Quípama,15,Quípama
15599,Ramiriquí,15,Ramiriquí
15600,Ráquira,15,Ráquira
15621,Rondón,15,Rondón
15632,Saboyá,15,Saboyá
15638,Sáchica,15,Sáchica
15646,Samacá,15,Samacá
15660,San Eduardo,15,San Eduardo
15664,San José De Pare,15,San José De Pare
15667,San Luis De Gaceno,15,San Luis De Gaceno
15673,San Mateo,15,San Mateo
15676,San Miguel De Sema,15,San Miguel De Sema
15681,San Pablo De Borbur,15,San Pablo De Borbur
15686,Santana,15,Santana
15690,Santa María,15,Santa María
15693,Santa Rosa De Viterbo,15,Santa Rosa De Viterbo
15696,Santa Sofía,15,Santa Sofía
15720,Sativanorte,15,Sativanorte
15723,Sativasur,15,Sativasur
15740,Siachoque,15,Siachoque
15753,Soatá,15,Soatá
15755,Socotá,15,Socotá
15757,Socha,15,Socha
15759,Sogamoso,15,Sogamoso
15761,Somondoco,15,Somondoco
15762,Sora,15,Sora
15763,Sotaquirá,15,Sotaquirá
15764,Soracá,15,Soracá
15774,Susacón,15,Susacón
15776,Sutamarchán,15,Sutamarchán
15778,Sutatenza,15,Sutatenza
15790,Tasco,15,Tasco
15798,Tenza,15,Tenza
15804,Tibaná,15,Tibaná
15806,Tibasosa,15,Tibasosa
15808,Tinjacá,15,Tinjacá
15810,Tipacoque,15,Tipacoque
15814,Toca,15,Toca
15816,Togüí,15,Togüí
15820,Tópaga,15,Tópaga
15822,Tota,15,Tota
15832,Tununguá,15,Tununguá
15835,Turmequé,15,Turmequé
15837,Tuta,15,Tuta
15839,Tutazá,15,Tutazá
15842,Úmbita,15,Úmbita
15861,Ventaquemada,15,Ventaquemada
15879,Viracachá,15,Viracachá
15897,Zetaquira,15,Zetaquira
17001,Manizales,17,Manizales
17013,Aguadas,17,Aguadas
17042,Anserma,17,Anserma
17050,Aranzazu,17,Aranzazu
17088,Belalcázar,17,Belalcázar
17174,Chinchiná,17,Chinchiná
17272,Filadelfia,17,Filadelfia
17380,La Dorada,17,La Dorada
17388,La Merced,17,La Merced
17433,Manzanares,17,Manzanares
17442,Marmato,17,Marmato
17444,Marquetalia,17,Marquetalia
17446,Marulanda,17,Marulanda
17486,Neira,17,Neira
17495,Norcasia,17,Norcasia
17513,Pácora,17,Pácora
17524,Palestina,17,Palestina
17541,Pensilvania,17,Pensilvania
17614,Riosucio,17,Riosucio
17616,Risaralda,17,Risaralda
17653,Salamina,17,Salamina
17662,Samaná,17,Samaná
17665,San José,17,San José
17777,Supía,17,Supía
17867,Victoria,17,Victoria
17873,Villamaría,17,Villamaría
17877,Viterbo,17,Viterbo
18001,Florencia,18,Florencia
18029,Albania,18,Albania
18094,Belén De Los Andaquíes,18,Belén De Los Andaquíes
18150,Cartagena Del Chairá,18,Cartagena Del Chairá
18205,Curillo,18,Curillo
18247,El Doncello,18,El Doncello
18256,El Paujíl,18,El Paujíl
18410,La Montañita,18,La Montañita
18460,Milán,18,Milán
18479,Morelia,18,Morelia
18592,Puerto Rico,18,Puerto Rico
18610,San José Del Fragua,18,San José Del Fragua
18753,San Vicente Del Caguán,18,San Vicente Del Caguán
18756,Solano,18,Solano
18785,Solita,18,Solita
18860,Valparaíso,18,Valparaíso
19001,Popayán,19,Popayán
19022,Almaguer,19,Almaguer
19050,Argelia,19,Argelia
19075,Balboa,19,Balboa
19100,Bolívar,19,Bolívar
19110,Buenos Aires,19,Buenos Aires
19130,Cajibío,19,Cajibío
19137,Caldono,19,Caldono
19142,Caloto,19,Caloto
19212,Corinto,19,Corinto
19256,El Tambo,19,El Tambo
19290,Florencia,19,Florencia
19300,Guachené,19,Guachené
19318,Guapí,19,Guapí
19355,Inzá,19,Inzá
19364,Jambaló,19,Jambaló
19392,La Sierra,19,La Sierra
19397,La Vega,19,La Vega
19418,López De Micay,19,López De Micay
19450,Mercaderes,19,Mercaderes
19455,Miranda,19,Miranda
19473,Morales,19,Morales
19513,Padilla,19,Padilla
19517,Páez,19,Páez
19532,Patía,19,Patía
19533,Piamonte,19,Piamonte
19548,Piendamó - Tunía,19,Piendamó - Tunía
19573,Puerto Tejada,19,Puerto Tejada
19585,Puracé,19,Puracé
19622,Rosas,19,Rosas
19693,San Sebastián,19,San Sebastián
19698,Santander De Quilichao,19,Santander De Quilichao
19701,Santa Rosa,19,Santa Rosa
19743,Silvia,19,Silvia
19760,Sotara,19,Sotara
19780,Suárez,19,Suárez
19785,Sucre,19,Sucre
19807,Timbío,19,Timbío
19809,Timbiquí,19,Timbiquí
19821,Toribío,19,Toribío
19824,Totoró,19,Totoró
19845,Villa Rica,19,Villa Rica
20001,Valledupar,20,Valledupar
20011,Aguachica,20,Aguachica
20013,Agustín Codazzi,20,Agustín Codazzi
20032,Astrea,20,Astrea
20045,Becerril,20,Becerril
20060,Bosconia,20,Bosconia
20175,Chimichagua,20,Chimichagua
20178,Chiriguaná,20,Chiriguaná
20228,Curumaní,20,Curumaní
20238,El Copey,20,El Copey
20250,El Paso,20,El Paso
20295,Gamarra,20,Gamarra
20310,González,20,González
20383,La Gloria,20,La Gloria
20400,La Jagua De Ibirico,20,La Jagua De Ibirico
20443,Manaure Balcón Del Cesar,20,Manaure Balcón Del Cesar
20517,Pailitas,20,Pailitas
20550,Pelaya,20,Pelaya
20570,Pueblo Bello,20,Pueblo Bello
20614,Río De Oro,20,Río De Oro
20621,La Paz,20,La Paz
20710,San Alberto,20,San Alberto
20750,San Diego,20,San Diego
20770,San Martín,20,San Martín
20787,Tamalameque,20,Tamalameque
23001,Montería,23,Montería
23068,Ayapel,23,Ayapel
23079,Buenavista,23,Buenavista
23090,Canalete,23,Canalete
23162,Cereté,23,Cereté
23168,Chimá,23,Chimá
23182,Chinú,23,Chinú
23189,Ciénaga De Oro,23,Ciénaga De Oro
23300,Cotorra,23,Cotorra
23350,La Apartada,23,La Apartada
23417,Lorica,23,Lorica
23419,Los Córdobas,23,Los Córdobas
23464,Momil,23,Momil
23466,Montelíbano,23,Montelíbano
23500,Moñitos,23,Moñitos
23555,Planeta Rica,23,Planeta Rica
23570,Pueblo Nuevo,23,Pueblo Nuevo
23574,Puerto Escondido,23,Puerto Escondido
23580,Puerto Libertador,23,Puerto Libertador
23586,Purísima De La Concepción,23,Purísima De La Concepción
23660,Sahagún,23,Sahagún
23670,San Andrés De Sotavento,23,San Andrés De Sotavento
23672,San Antero,23,San Antero
23675,San Bernardo Del Viento,23,San Bernardo Del Viento
23678,San Carlos,23,San Carlos
23682,San José De Uré,23,San José De Uré
23686,San Pelayo,23,San Pelayo
23807,Tierralta,23,Tierralta
23815,Tuchín,23,Tuchín
23855,Valencia,23,Valencia
25001,Agua De Dios,25,Agua De Dios
25019,Albán,25,Albán
25035,Anapoima,25,Anapoima
25040,Anolaima,25,Anolaima
25053,Arbeláez,25,Arbeláez
25086,Beltrán,25,Beltrán
25095,Bituima,25,Bituima
25099,Bojacá,25,Bojacá
25120,Cabrera,25,Cabrera
25123,Cachipay,25,Cachipay
25126,Cajicá,25,Cajicá
25148,Caparrapí,25,Caparrapí
25151,Cáqueza,25,Cáqueza
25154,Carmen De Carupa,25,Carmen De Carupa
25168,Chaguaní,25,Chaguaní
25175,Chía,25,Chía
25178,Chipaque,25,Chipaque
25181,Choachí,25,Choachí
25183,Chocontá,25,Chocontá
25200,Cogua,25,Cogua
25214,Cota,25,Cota
25224,Cucunubá,25,Cucunubá
25245,El Colegio,25,El Colegio
25258,El Peñón,25,El Peñón
25260,El Rosal,25,El Rosal
25269,Facatativá,25,Facatativá
25279,Fómeque,25,Fómeque
25281,Fosca,25,Fosca
25286,Funza,25,Funza
25288,Fúquene,25,Fúquene
25290,Fusagasugá,25,Fusagasugá
25293,Gachalá,25,Gachalá
25295,Gachancipá,25,Gachancipá
25297,Gachetá,25,Gachetá
25299,Gama,25,Gama
25307,Girardot,25,Girardot
25312,Granada,25,Granada
25317,Guachetá,25,Guachetá
25320,Guaduas,25,Guaduas
25322,Guasca,25,Guasca
25324,Guataquí,25,Guataquí
25326,Guatavita,25,Guatavita
25328,Guayabal De Síquima,25,Guayabal De Síquima
25335,Guayabetal,25,Guayabetal
25339,Gutiérrez,25,Gutiérrez
25368,Jerusalén,25,Jerusalén
25372,Junín,25,Junín
25377,La Calera,25,La Calera
25386,La Mesa,25,La Mesa
25394,La Palma,25,La Palma
25398,La Peña,25,La Peña
25402,La Vega,25,La Vega
25407,Lenguazaque,25,Lenguazaque
25426,Machetá,25,Machetá
25430,Madrid,25,Madrid
25436,Manta,25,Manta
25438,Medina,25,Medina
25473,Mosquera,25,Mosquera
25483,Nariño,25,Nariño
25486,Nemocón,25,Nemocón
25488,Nilo,25,Nilo
25489,Nimaima,25,Nimaima
25491,Nocaima,25,Nocaima
25506,Venecia,25,Venecia
25513,Pacho,25,Pacho
25518,Paime,25,Paime
25524,Pandi,25,Pandi
25530,Paratebueno,25,Paratebueno
25535,Pasca,25,Pasca
25572,Puerto Salgar,25,Puerto Salgar
25580,Pulí,25,Pulí
25592,Quebradanegra,25,Quebradanegra
25594,Quetame,25,Quetame
25596,Quipile,25,Quipile
25599,Apulo,25,Apulo
25612,Ricaurte,25,Ricaurte
25645,San Antonio Del Tequendama,25,San Antonio Del Tequendama
25649,San Bernardo,25,San Bernardo
25653,San Cayetano,25,San Cayetano
25658,San Francisco,25,San Francisco
25662,San Juan De Rioseco,25,San Juan De Rioseco
25718,Sasaima,25,Sasaima
25736,Sesquilé,25,Sesquilé
25740,Sibaté,25,Sibaté
25743,Silvania,25,Silvania
25745,Simijaca,25,Simijaca
25754,Soacha,25,Soacha
25758,Sopó,25,Sopó
25769,Subachoque,25,Subachoque
25772,Suesca,25,Suesca
25777,Supatá,25,Supatá
25779,Susa,25,Susa
25781,Sutatausa,25,Sutatausa
25785,Tabio,25,Tabio
25793,Tausa,25,Tausa
25797,Tena,25,Tena
25799,Tenjo,25,Tenjo
25805,Tibacuy,25,Tibacuy
25807,Tibirita,25,Tibirita
25815,Tocaima,25,Tocaima
25817,Tocancipá,25,Tocancipá
25823,Topaipí,25,Topaipí
25839,Ubalá,25,Ubalá
25841,Ubaque,25,Ubaque
25843,Villa De San Diego De Ubaté,25,Villa De San Diego De Ubaté
25845,Une,25,Une
25851,Útica,25,Útica
25862,Vergara,25,Vergara
25867,Vianí,25,Vianí
25871,Villagómez,25,Villagómez
25873,Villapinzón,25,Villapinzón
25875,Villeta,25,Villeta
25878,Viotá,25,Viotá
25885,Yacopí,25,Yacopí
25898,Zipacón,25,Zipacón
25899,Zipaquirá,25,Zipaquirá
27001,Quibdó,27,Quibdó
27006,Acandí,27,Acandí
27025,Alto Baudó,27,Alto Baudó
27050,Atrato,27,Atrato
27073,Bagadó,27,Bagadó
27075,Bahía Solano,27,Bahía Solano
27077,Bajo Baudó,27,Bajo Baudó
27099,Bojayá,27,Bojayá
27135,El Cantón Del San Pablo,27,El Cantón Del San Pablo
27150,Carmen Del Darién,27,Carmen Del Darién
27160,Cértegui,27,Cértegui
27205,Condoto,27,Condoto
27245,El Carmen De Atrato,27,El Carmen De Atrato
27250,El Litoral Del San Juan,27,El Litoral Del San Juan
27361,Istmina,27,Istmina
27372,Juradó,27,Juradó
27413,Lloró,27,Lloró
27425,Medio Atrato,27,Medio Atrato
27430,Medio Baudó,27,Medio Baudó
27450,Medio San Juan,27,Medio San Juan
27491,Nóvita,27,Nóvita
27495,Nuquí,27,Nuquí
27580,Río Iró,27,Río Iró
27600,Río Quito,27,Río Quito
27615,Riosucio,27,Riosucio
27660,San José Del Palmar,27,San José Del Palmar
27745,Sipí,27,Sipí
27787,Tadó,27,Tadó
27800,Unguía,27,Unguía
27810,Unión Panamericana,27,Unión Panamericana
41001,Neiva,41,Neiva
41006,Acevedo,41,Acevedo
41013,Agrado,41,Agrado
41016,Aipe,41,Aipe
41020,Algeciras,41,Algeciras
41026,Altamira,41,Altamira
41078,Baraya,41,Baraya
41132,Campoalegre,41,Campoalegre
41206,Colombia,41,Colombia
41244,Elías,41,Elías
41298,Garzón,41,Garzón
41306,Gigante,41,Gigante
41319,Guadalupe,41,Guadalupe
41349,Hobo,41,Hobo
41357,Íquira,41,Íquira
41359,Isnos,41,Isnos
41378,La Argentina,41,La Argentina
41396,La Plata,41,La Plata
41483,Nátaga,41,Nátaga
41503,Oporapa,41,Oporapa
41518,Paicol,41,Paicol
41524,Palermo,41,Palermo
41530,Palestina,41,Palestina
41548,Pital,41,Pital
41551,Pitalito,41,Pitalito
41615,Rivera,41,Rivera
41660,Saladoblanco,41,Saladoblanco
41668,San Agustín,41,San Agustín
41676,Santa María,41,Santa María
41770,Suaza,41,Suaza
41791,Tarqui,41,Tarqui
41797,Tesalia,41,Tesalia
41799,Tello,41,Tello
41801,Teruel,41,Teruel
41807,Timaná,41,Timaná
41872,Villavieja,41,Villavieja
41885,Yaguará,41,Yaguará
44001,Riohacha,44,Riohacha
44035,Albania,44,Albania
44078,Barrancas,44,Barrancas
44090,Dibulla,44,Dibulla
44098,Distracción,44,Distracción
44110,El Molino,44,El Molino
44279,Fonseca,44,Fonseca
44378,Hatonuevo,44,Hatonuevo
44420,La Jagua Del Pilar,44,La Jagua Del Pilar
44430,Maicao,44,Maicao
44560,Manaure,44,Manaure
44650,San Juan Del Cesar,44,San Juan Del Cesar
44847,Uribia,44,Uribia
44855,Urumita,44,Urumita
44874,Villanueva,44,Villanueva
47001,Santa Marta,47,Santa Marta
47030,Algarrobo,47,Algarrobo
47053,Aracataca,47,Aracataca
47058,Ariguaní,47,Ariguaní
47161,Cerro De San Antonio,47,Cerro De San Antonio
47170,Chivolo,47,Chivolo
47189,Ciénaga,47,Ciénaga
47205,Concordia,47,Concordia
47245,El Banco,47,El Banco
47258,El Piñón,47,El Piñón
47268,El Retén,47,El Retén
47288,Fundación,47,Fundación
47318,Guamal,47,Guamal
47460,Nueva Granada,47,Nueva Granada
47541,Pedraza,47,Pedraza
47545,Pijiño Del Carmen,47,Pijiño Del Carmen
47551,Pivijay,47,Pivijay
47555,Plato,47,Plato
47570,Puebloviejo,47,Puebloviejo
47605,Remolino,47,Remolino
47660,Sabanas De San Ángel,47,Sabanas De San Ángel
47675,Salamina,47,Salamina
47692,San Sebastián De Buenavista,47,San Sebastián De Buenavista
47703,San Zenón,47,San Zenón
47707,Santa Ana,47,Santa Ana
47720,Santa Bárbara De Pinto,47,Santa Bárbara De Pinto
47745,Sitionuevo,47,Sitionuevo
47798,Tenerife,47,Tenerife
47960,Zapayán,47,Zapayán
47980,Zona Bananera,47,Zona Bananera
50001,Villavicencio,50,Villavicencio
50006,Acacías,50,Acacías
50110,Barranca De Upía,50,Barranca De Upía
50124,Cabuyaro,50,Cabuyaro
50150,Castilla La Nueva,50,Castilla La Nueva
50223,Cubarral,50,Cubarral
50226,Cumaral,50,Cumaral
50245,El Calvario,50,El Calvario
50251,El Castillo,50,El Castillo
50270,El Dorado,50,El Dorado
50287,Fuente De Oro,50,Fuente De Oro
50313,Granada,50,Granada
50318,Guamal,50,Guamal
50325,Mapiripán,50,Mapiripán
50330,Mesetas,50,Mesetas
50350,La Macarena,50,La Macarena
50370,Uribe,50,Uribe
50400,Lejanías,50,Lejanías
50450,Puerto Concordia,50,Puerto Concordia
50568,Puerto Gaitán,50,Puerto Gaitán
50573,Puerto López,50,Puerto López
50577,Puerto Lleras,50,Puerto Lleras
50590,Puerto Rico,50,Puerto Rico
50606,Restrepo,50,Restrepo
50680,San Carlos De Guaroa,50,San Carlos De Guaroa
50683,San Juan De Arama,50,San Juan De Arama
50686,San Juanito,50,San Juanito
50689,San Martín,50,San Martín
50711,Vistahermosa,50,Vistahermosa
52001,Pasto,52,San Juan de Pasto
52019,Albán,52,Albán
52022,Aldana,52,Aldana
52036,Ancuyá,52,Ancuyá
52051,Arboleda,52,Arboleda
52079,Barbacoas,52,Barbacoas
52083,Belén,52,Belén
52110,Buesaco,52,Buesaco
52203,Colón,52,Colón
52207,Consacá,52,Consacá
52210,Contadero,52,Contadero
52215,Córdoba,52,Córdoba
52224,Cuaspúd,52,Cuaspúd
52227,Cumbal,52,Cumbal
52233,Cumbitara,52,Cumbitara
52240,Chachagüí,52,Chachagüí
52250,El Charco,52,El Charco
52254,El Peñol,52,El Peñol
52256,El Rosario,52,El Rosario
52258,El Tablón De Gómez,52,El Tablón De Gómez
52260,El Tambo,52,El Tambo
52287,Funes,52,Funes
52317,Guachucal,52,Guachucal
52320,Guaitarilla,52,Guaitarilla
52323,Gualmatán,52,Gualmatán
52352,Iles,52,Iles
52354,Imués,52,Imués
52356,Ipiales,52,Ipiales
52378,La Cruz,52,La Cruz
52381,La Florida,52,La Florida
52385,La Llanada,52,La Llanada
52390,La Tola,52,La Tola
52399,La Unión,52,La Unión
52405,Leiva,52,Leiva
52411,Linares,52,Linares
52418,Los Andes,52,Los Andes
52427,Magüí,52,Magüí
52435,Mallama,52,Mallama
52473,Mosquera,52,Mosquera
52480,Nariño,52,Nariño
52490,Olaya Herrera,52,Olaya Herrera
52506,Ospina,52,Ospina
52520,Francisco Pizarro,52,Francisco Pizarro
52540,Policarpa,52,Policarpa
52560,Potosí,52,Potosí
52565,Providencia,52,Providencia
52573,Puerres,52,Puerres
52585,Pupiales,52,Pupiales
52612,Ricaurte,52,Ricaurte
52621,Roberto Payán,52,Roberto Payán
52678,Samaniego,52,Samaniego
52683,Sandoná,52,Sandoná
52685,San Bernardo,52,San Bernardo
52687,San Lorenzo,52,San Lorenzo
52693,San Pablo,52,San Pablo
52694,San Pedro De Cartago,52,San Pedro De Cartago
52696,Santa Bárbara,52,Santa Bárbara
52699,Santacruz,52,Santacruz
52720,Sapuyes,52,Sapuyes
52786,Taminango,52,Taminango
52788,Tangua,52,Tangua
52835,San Andrés De Tumaco,52,San Andrés De Tumaco
52838,Túquerres,52,Túquerres
52885,Yacuanquer,52,Yacuanquer
54001,San José De Cúcuta,54,San José De Cúcuta
54003,Ábrego,54,Ábrego
54051,Arboledas,54,Arboledas
54099,Bochalema,54,Bochalema
54109,Bucarasica,54,Bucarasica
54125,Cácota,54,Cácota
54128,Cáchira,54,Cáchira
54172,Chinácota,54,Chinácota
54174,Chitagá,54,Chitagá
54206,Convención,54,Convención
54223,Cucutilla,54,Cucutilla
54239,Durania,54,Durania
54245,El Carmen,54,El Carmen
54250,El Tarra,54,El Tarra
54261,El Zulia,54,El Zulia
54313,Gramalote,54,Gramalote
54344,Hacarí,54,Hacarí
54347,Herrán,54,Herrán
54377,Labateca,54,Labateca
54385,La Esperanza,54,La Esperanza
54398,La Playa,54,La Playa
54405,Los Patios,54,Los Patios
54418,Lourdes,54,Lourdes
54480,Mutiscua,54,Mutiscua
54498,Ocaña,54,Ocaña
54518,Pamplona,54,Pamplona
54520,Pamplonita,54,Pamplonita
54553,Puerto Santander,54,Puerto Santander
54599,Ragonvalia,54,Ragonvalia
54660,Salazar,54,Salazar
54670,San Calixto,54,San Calixto
54673,San Cayetano,54,San Cayetano
54680,Santiago,54,Santiago
54720,Sardinata,54,Sardinata
54743,Silos,54,Silos
54800,Teorama,54,Teorama
54810,Tibú,54,Tibú
54820,Toledo,54,Toledo
54871,Villa Caro,54,Villa Caro
54874,Villa Del Rosario,54,Villa Del Rosario
63001,Armenia,63,Armenia
63111,Buenavista,63,Buenavista
63130,Calarcá,63,Calarcá
63190,Circasia,63,Circasia
63212,Córdoba,63,Córdoba
63272,Filandia,63,Filandia
63302,Génova,63,Génova
63401,La Tebaida,63,La Tebaida
63470,Montenegro,63,Montenegro
63548,Pijao,63,Pijao
63594,Quimbaya,63,Quimbaya
63690,Salento,63,Salento
66001,Pereira,66,Pereira
66045,Apía,66,Apía
66075,Balboa,66,Balboa
66088,Belén De Umbría,66,Belén De Umbría
66170,Dosquebradas,66,Dosquebradas
66318,Guática,66,Guática
66383,La Celia,66,La Celia
66400,La Virginia,66,La Virginia
66440,Marsella,66,Marsella
66456,Mistrató,66,Mistrató
66572,Pueblo Rico,66,Pueblo Rico
66594,Quinchía,66,Quinchía
66682,Santa Rosa De Cabal,66,Santa Rosa De Cabal
66687,Santuario,66,Santuario
68001,Bucaramanga,68,Bucaramanga
68013,Aguada,68,Aguada
68020,Albania,68,Albania
68051,Aratoca,68,Aratoca
68077,Barbosa,68,Barbosa
68079,Barichara,68,Barichara
68081,Barrancabermeja,68,Barrancabermeja
68092,Betulia,68,Betulia
68101,Bolívar,68,Bolívar
68121,Cabrera,68,Cabrera
68132,California,68,California
68147,Capitanejo,68,Capitanejo
68152,Carcasí,68,Carcasí
68160,Cepitá,68,Cepitá
68162,Cerrito,68,Cerrito
68167,Charalá,68,Charalá
68169,Charta,68,Charta
68176,Chima,68,Chima
68179,Chipatá,68,Chipatá
68190,Cimitarra,68,Cimitarra
68207,Concepción,68,Concepción
68209,Confines,68,Confines
68211,Contratación,68,Contratación
68217,Coromoro,68,Coromoro
68229,Curití,68,Curití
68235,El Carmen De Chucurí,68,El Carmen De Chucurí
68245,El Guacamayo,68,El Guacamayo
68250,El Peñón,68,El Peñón
68255,El Playón,68,El Playón
68264,Encino,68,Encino
68266,Enciso,68,Enciso
68271,Florián,68,Florián
68276,Floridablanca,68,Floridablanca
68296,Galán,68,Galán
68298,Gámbita,68,Gámbita
68307,Girón,68,Girón
68318,Guaca,68,Guaca
68320,Guadalupe,68,Guadalupe
68322,Guapotá,68,Guapotá
68324,Guavatá,68,Guavatá
68327,Güepsa,68,Güepsa
68344,Hato,68,Hato
68368,Jesús María,68,Jesús María
68370,Jordán,68,Jordán
68377,La Belleza,68,La Belleza
68385,Landázuri,68,Landázuri
68397,La Paz,68,La Paz
68406,Lebrija,68,Lebrija
68418,Los Santos,68,Los Santos
68425,Macaravita,68,Macaravita
68432,Málaga,68,Málaga
68444,Matanza,68,Matanza
68464,Mogotes,68,Mogotes
68468,Molagavita,68,Molagavita
68498,Ocamonte,68,Ocamonte
68500,Oiba,68,Oiba
68502,Onzaga,68,Onzaga
68522,Palmar,68,Palmar
68524,Palmas Del Socorro,68,Palmas Del Socorro
68533,Páramo,68,Páramo
68547,Piedecuesta,68,Piedecuesta
68549,Pinchote,68,Pinchote
68572,Puente Nacional,68,Puente Nacional
68573,Puerto Parra,68,Puerto Parra
68575,Puerto Wilches,68,Puerto Wilches
68615,Rionegro,68,Rionegro
68655,Sabana De Torres,68,Sabana De Torres
68669,San Andrés,68,San Andrés
68673,San Benito,68,San Benito
68679,San Gil,68,San Gil
68682,San Joaquín,68,San Joaquín
68684,San José De Miranda,68,San José De Miranda
68686,San Miguel,68,San Miguel
68689,San Vicente De Chucurí,68,San Vicente De Chucurí
68705,Santa Bárbara,68,Santa Bárbara
68720,Santa Helena Del Opón,68,Santa Helena Del Opón
68745,Simacota,68,Simacota
68755,Socorro,68,Socorro
68770,Suaita,68,Suaita
68773,Sucre,68,Sucre
68780,Suratá,68,Suratá
68820,Tona,68,Tona
68855,Valle De San José,68,Valle De San José
68861,Vélez,68,Vélez
68867,Vetas,68,Vetas
68872,Villanueva,68,Villanueva
68895,Zapatoca,68,Zapatoca
70001,Sincelejo,70,Sincelejo
70110,Buenavista,70,Buenavista
70124,Caimito,70,Caimito
70204,Colosó,70,Colosó
70215,Corozal,70,Corozal
70221,Coveñas,70,Coveñas
70230,Chalán,70,Chalán
70233,El Roble,70,El Roble
70235,Galeras,70,Galeras
70265,Guaranda,70,Guaranda
70400,La Unión,70,La Unión
70418,Los Palmitos,70,Los Palmitos
70429,Majagual,70,Majagual
70473,Morroa,70,Morroa
70508,Ovejas,70,Ovejas
70523,Palmito,70,Palmito
70670,Sampués,70,Sampués
70678,San Benito Abad,70,San Benito Abad
70702,San Juan De Betulia,70,San Juan De Betulia
70708,San Marcos,70,San Marcos
70713,San Onofre,70,San Onofre
70717,San Pedro,70,San Pedro
70742,San Luis De Sincé,70,San Luis De Sincé
70771,Sucre,70,Sucre
70820,Santiago De Tolú,70,Santiago De Tolú
70823,Tolú Viejo,70,Tolú Viejo
73001,Ibagué,73,Ibagué
73024,Alpujarra,73,Alpujarra
73026,Alvarado,73,Alvarado
73030,Ambalema,73,Ambalema
73043,Anzoátegui,73,Anzoátegui
73055,Armero,73,Armero
73067,Ataco,73,Ataco
73124,Cajamarca,73,Cajamarca
73148,Carmen De Apicalá,73,Carmen De Apicalá
73152,Casabianca,73,Casabianca
73168,Chaparral,73,Chaparral
73200,Coello,73,Coello
73217,Coyaima,73,Coyaima
73226,Cunday,73,Cunday
73236,Dolores,73,Dolores
73268,Espinal,73,Espinal
73270,Falan,73,Falan
73275,Flandes,73,Flandes
73283,Fresno,73,Fresno
73319,Guamo,73,Guamo
73347,Herveo,73,Herveo
73349,Honda,73,Honda
73352,Icononzo,73,Icononzo
73408,Lérida,73,Lérida
73411,Líbano,73,Líbano
73443,San Sebastián De Mariquita,73,San Sebastián De Mariquita
73449,Melgar,73,Melgar
73461,Murillo,73,Murillo
73483,Natagaima,73,Natagaima
73504,Ortega,73,Ortega
73520,Palocabildo,73,Palocabildo
73547,Piedras,73,Piedras
73555,Planadas,73,Planadas
73563,Prado,73,Prado
73585,Purificación,73,Purificación
73616,Rioblanco,73,Rioblanco
73622,Roncesvalles,73,Roncesvalles
73624,Rovira,73,Rovira
73671,Saldaña,73,Saldaña
73675,San Antonio,73,San Antonio
73678,San Luis,73,San Luis
73686,Santa Isabel,73,Santa Isabel
73770,Suárez,73,Suárez
73854,Valle De San Juan,73,Valle De San Juan
73861,Venadillo,73,Venadillo
73870,Villahermosa,73,Villahermosa
73873,Villarrica,73,Villarrica
76001,Cali,76,Santiago de Cali
76020,Alcalá,76,Alcalá
76036,Andalucía,76,Andalucía
76041,Ansermanuevo,76,Ansermanuevo
76054,Argelia,76,Argelia
76100,Bolívar,76,Bolívar
76109,Buenaventura,76,Buenaventura
76111,Guadalajara De Buga,76,Guadalajara De Buga
76113,Bugalagrande,76,Bugalagrande
76122,Caicedonia,76,Caicedonia
76126,Calima,76,Calima
76130,Candelaria,76,Candelaria
76147,Cartago,76,Cartago
76233,Dagua,76,Dagua
76243,El Águila,76,El Águila
76246,El Cairo,76,El Cairo
76248,El Cerrito,76,El Cerrito
76250,El Dovio,76,El Dovio
76275,Florida,76,Florida
76306,Ginebra,76,Ginebra
76318,Guacarí,76,Guacarí
76364,Jamundí,76,Jamundí
76377,La Cumbre,76,La Cumbre
76400,La Unión,76,La Unión
76403,La Victoria,76,La Victoria
76497,Obando,76,Obando
76520,Palmira,76,Palmira
76563,Pradera,76,Pradera
76606,Restrepo,76,Restrepo
76616,Riofrío,76,Riofrío
76622,Roldanillo,76,Roldanillo
76670,San Pedro,76,San Pedro
76736,Sevilla,76,Sevilla
76823,Toro,76,Toro
76828,Trujillo,76,Trujillo
76834,Tuluá,76,Tuluá
76845,Ulloa,76,Ulloa
76863,Versalles,76,Versalles
76869,Vijes,76,Vijes
76890,Yotoco,76,Yotoco
76892,Yumbo,76,Yumbo
76895,Zarzal,76,Zarzal
81001,Arauca,81,Arauca
81065,Arauquita,81,Arauquita
81220,Cravo Norte,81,Cravo Norte
81300,Fortul,81,Fortul
81591,Puerto Rondón,81,Puerto Rondón
81736,Saravena,81,Saravena
81794,Tame,81,Tame
85001,Yopal,85,Yopal
85010,Aguazul,85,Aguazul
85015,Chámeza,85,Chámeza
85125,Hato Corozal,85,Hato Corozal
85136,La Salina,85,La Salina
85139,Maní,85,Maní
85162,Monterrey,85,Monterrey
85225,Nunchía,85,Nunchía
85230,Orocué,85,Orocué
85250,Paz De Ariporo,85,Paz De Ariporo
85263,Pore,85,Pore
85279,Recetor,85,Recetor
85300,Sabanalarga,85,Sabanalarga
85315,Sácama,85,Sácama
85325,San Luis De Palenque,85,San Luis De Palenque
85400,Támara,85,Támara
85410,Tauramena,85,Tauramena
85430,Trinidad,85,Trinidad
85440,Villanueva,85,Villanueva
86001,Mocoa,86,Mocoa
86219,Colón,86,Colón
86320,Orito,86,Orito
86568,Puerto Asís,86,Puerto Asís
86569,Puerto Caicedo,86,Puerto Caicedo
86571,Puerto Guzmán,86,Puerto Guzmán
86573,Puerto Leguízamo,86,Puerto Leguízamo
86749,Sibundoy,86,Sibundoy
86755,San Francisco,86,San Francisco
86757,San Miguel,86,San Miguel
86760,Santiago,86,Santiago
86865,Valle Del Guamuez,86,Valle Del Guamuez
86885,Villagarzón,86,Villagarzón
88001,San Andrés,88,San Andrés
88564,Providencia,88,Providencia
91001,Leticia,91,Leticia
91263,El Encanto,91,El Encanto
91405,La Chorrera,91,La Chorrera
91407,La Pedrera,91,La Pedrera
91430,La Victoria,91,La Victoria
91460,Mirití - Paraná,91,Mirití - Paraná
91530,Puerto Alegría,91,Puerto Alegría
91536,Puerto Arica,91,Puerto Arica
91540,Puerto Nariño,91,Puerto Nariño
91669,Puerto Santander,91,Puerto Santander
91798,Tarapacá,91,Tarapacá
94001,Inírida,94,Inírida
94343,Barranco Minas,94,Barranco Minas
94663,Mapiripana,94,Mapiripana
94883,San Felipe,94,San Felipe
94884,Puerto Colombia,94,Puerto Colombia
94885,La Guadalupe,94,La Guadalupe
94886,Cacahual,94,Cacahual
94887,Pana Pana,94,Pana Pana
94888,Morichal,94,Morichal
95001,San José Del Guaviare,95,San José Del Guaviare
95015,Calamar,95,Calamar
95025,El Retorno,95,El Retorno
95200,Miraflores,95,Miraflores
97001,Mitú,97,Mitú
97161,Carurú,97,Carurú
97511,Pacoa,97,Pacoa
97666,Taraira,97,Taraira
97777,Papunahua,97,Papunahua
97889,Yavaraté,97,Yavaraté
99001,Puerto Carreño,99,Puerto Carreño
99524,La Primavera,99,La Primavera
99624,Santa Rosalía,99,Santa Rosalía
99773,Cumaribo,99,Cumaribo
